{
    "0001_01-0.jpg":{
        "ID":0,
        "ImagePath":"./align_vgg/0001_01-0.jpg",
        "ScoreSort":{
            "nose":0.8627879597363718,
            "eyes":0.8358434626789568,
            "lips":0.7089767999216268,
            "eyebrows":0.6859111387108845,
            "hair":0.2833600649095848
        },
        "AttributePredictedScore":{
            "Receding Hairline":4.573714977595955e-05,
            "Bushy Eyebrows":0.0004814813728444278,
            "Arched Eyebrows":0.9603119492530823,
            "Brown Eyes":0.0012451129732653499,
            "Big Nose":0.00044564614654518664,
            "Pointy Nose":0.9985511898994446,
            "Big Lips":0.710470974445343
        },
        "AvtivatedAttribute":{
            "Pointy Nose":0.8627879597363718,
            "Big Lips":0.7089767999216268,
            "Arched Eyebrows":0.6859111387108845
        },
        "GradCAMPath":"results/vgg_mode/Img/0001_01-0.jpg/0001_01-0-gradcam.jpg",
        "FacePartScorePath":"results/vgg_mode/Img/0001_01-0.jpg/0001_01-0-part-score.jpg"
    },
    "0002_01-6.jpg":{
        "ID":6,
        "ImagePath":"./align_vgg/0002_01-6.jpg",
        "ScoreSort":{
            "eyes":0.8626924445609571,
            "eyebrows":0.8350127847115923,
            "nose":0.7997992355132119,
            "lips":0.6322874947074086,
            "hair":0.388955653055514
        },
        "AttributePredictedScore":{
            "Receding Hairline":0.22901220619678497,
            "Bushy Eyebrows":0.052810199558734894,
            "Arched Eyebrows":0.0015995686408132315,
            "Brown Eyes":0.04046901315450668,
            "Big Nose":0.012790031731128693,
            "Pointy Nose":0.8405278921127319,
            "Big Lips":0.01052813045680523
        },
        "AvtivatedAttribute":{
            "Pointy Nose":0.7997992355132119
        },
        "GradCAMPath":"results/vgg_mode/Img/0002_01-6.jpg/0002_01-6-gradcam.jpg",
        "FacePartScorePath":"results/vgg_mode/Img/0002_01-6.jpg/0002_01-6-part-score.jpg"
    }
}